Country,baseline,prompt1-country,prompt2-citizenship,prompt3-language
CN,,0.39847176921506433,0.44165042331999727,0.5056318617336311
US,,0.6309047690632333,0.8036200847507262,0.7911582474758254
VN,,0.0005367384203886632,0.20094298972182348,0.28644379093124167
baseline,,,,
