dimension,baseline,prompt1-country_CN,prompt1-country_US,prompt1-country_VN,prompt2-citizenship_CN,prompt2-citizenship_US,prompt2-citizenship_VN,prompt3-language_CN,prompt3-language_VN,prompt3-language_US
PDI,25.0,41.66666666666667,0.0,60.0,25.0,0.0,60.0,60.0,60.0,0.0
IDV,60.0,-35.0,50.0,0.0,-35.0,85.0,0.0,0.0,-35.0,67.5
MAS,-50.0,-75.0,0.0,0.0,-75.0,-75.0,0.0,25.0,16.666666666666664,-37.5
UAI,-73.33333333333333,-26.66666666666666,-90.0,-15.0,-40.0,-90.0,-65.0,-31.666666666666664,8.333333333333337,-90.0
LTO,-15.0,-8.333333333333332,-15.0,-25.0,40.0,-15.0,-25.0,25.0,16.666666666666668,-15.0
IND,40.0,-40.0,80.0,0.0,40.0,120.0,0.0,80.0,40.0,100.0
