dimension,baseline,prompt1-country_CN,prompt1-country_US,prompt1-country_VN,prompt2-citizenship_CN,prompt2-citizenship_US,prompt2-citizenship_VN,prompt3-language_CN,prompt3-language_VN,prompt3-language_US
PDI,8.333333333333337,50.0,0.0,61.666666666666664,48.333333333333336,25.0,25.0,25.0,60.0,12.5
IDV,48.333333333333336,-60.0,85.0,-31.666666666666668,25.0,25.0,16.666666666666668,0.0,0.0,55.0
MAS,-75.0,-50.0,-50.000000000000014,-8.333333333333337,11.666666666666671,-33.333333333333336,-8.333333333333337,0.0,0.0,-41.66666666666667
UAI,-65.0,8.333333333333337,-65.0,0.0,-40.0,-40.0,-40.0,0.0,40.0,-52.5
LTO,50.0,0.0,-40.0,40.0,26.66666666666667,-26.66666666666667,-13.33333333333333,-25.0,-25.0,-33.33333333333335
IND,48.333333333333336,-40.0,93.33333333333331,-26.66666666666666,8.333333333333337,78.33333333333333,16.666666666666664,0.0,0.0,85.83333333333333
