Country,baseline,prompt1-country,prompt2-citizenship,prompt3-language
CN,,0.4850101562143009,0.6696092645488253,0.37801744430752593
US,,0.7250326110307621,0.732716405949385,0.7595628536430926
VN,,0.5580786717377535,0.7013921563531887,0.10357797328523463
baseline,,,,
