Country,baseline,prompt1-country,prompt2-citizenship,prompt3-language
CN,,0.5460807925925166,0.6826789536716781,0.4428314622916855
US,,0.8212492950384157,0.8223713576814675,0.8443817925802898
VN,,0.6167775702490682,0.6802646043292323,0.23901791798126562
baseline,,,,
